{
    "em": 0.6685192953020134,
    "f1": 0.7039324664429543,
    "_em_span_passage_span_extraction": 0.6521526418786693,
    "_f1_span_passage_span_extraction": 0.7072162426614479,
    "_em_span_question_span_extraction": 0.6914016489988222,
    "_f1_span_question_span_extraction": 0.7563015312131918,
    "em_span_multiple_spans": 0.18181818181818182,
    "f1_span_multiple_spans": 0.4622727272727273,
    "_em_span_arithmetic": 0.4444444444444444,
    "_f1_span_arithmetic": 0.525,
    "_em_span_counting": 0.1111111111111111,
    "_f1_span_counting": 0.1111111111111111,
    "_em_number_counting": 0.5947368421052631,
    "_f1_number_counting": 0.5947368421052631,
    "_em_number_arithmetic": 0.7530454042081949,
    "_f1_number_arithmetic": 0.753156146179402,
    "_em_number_passage_span_extraction": 0.10810810810810811,
    "_f1_number_passage_span_extraction": 0.2810810810810811,
    "_em_number_question_span_extraction": 0.07142857142857142,
    "_f1_number_question_span_extraction": 0.17642857142857143,
    "_em_number_multiple_spans": 0.1,
    "_f1_number_multiple_spans": 0.43,
    "_em_date_arithmetic": 0.28846153846153844,
    "_f1_date_arithmetic": 0.3671153846153846,
    "_em_date_question_span_extraction": 0.6666666666666666,
    "_f1_date_question_span_extraction": 0.6666666666666666,
    "_em_date_passage_span_extraction": 0.35,
    "_f1_date_passage_span_extraction": 0.39,
    "_em_date_counting": 0.0,
    "_f1_date_counting": 0.0,
    "em_spans_multiple_spans": 0.3972286374133949,
    "f1_spans_multiple_spans": 0.6808775981524243,
    "_em_spans_passage_span_extraction": 0.0,
    "_f1_spans_passage_span_extraction": 0.2518918918918919,
    "_em_spans_question_span_extraction": 0.0,
    "_f1_spans_question_span_extraction": 0.18999999999999997,
    "_em_spans_counting": 0.0,
    "_f1_spans_counting": 0.0,
    "_em_spans_arithmetic": 0.0,
    "_f1_spans_arithmetic": 0.0,
    "em_span": 0.651,
    "f1_span": 0.7124466666666665,
    "_em_number": 0.7106332543176431,
    "_f1_number": 0.712609210971893,
    "_em_date": 0.34868421052631576,
    "_f1_date": 0.4077631578947368,
    "em_spans": 0.3598326359832636,
    "f1_spans": 0.6374686192468613,
    "_em_passage_span_extraction": 0.6286248830682881,
    "_f1_passage_span_extraction": 0.6889943872778295,
    "_em_question_span_extraction": 0.6786516853932584,
    "_f1_question_span_extraction": 0.7428539325842696,
    "em_multiple_spans": 0.37166324435318276,
    "f1_multiple_spans": 0.6559753593429152,
    "_em_arithmetic": 0.7385075903356852,
    "_f1_arithmetic": 0.7412935642505879,
    "_em_counting": 0.5892857142857143,
    "_f1_counting": 0.5892857142857143,
    "loss": 493714.24298015743
}