{
    "em": 0.6691484899328859,
    "f1": 0.7054844798657727,
    "_em_span_passage_span_extraction": 0.6726279185295578,
    "_f1_span_passage_span_extraction": 0.7214754098360657,
    "_em_span_question_span_extraction": 0.6768377253814147,
    "_f1_span_question_span_extraction": 0.7499306518723995,
    "em_span_multiple_spans": 0.4878048780487805,
    "f1_span_multiple_spans": 0.6342439024390246,
    "_em_span_arithmetic": 0.4897959183673469,
    "_f1_span_arithmetic": 0.5410204081632654,
    "_em_span_counting": 0.0,
    "_f1_span_counting": 0.0,
    "_em_number_counting": 0.5844346549192364,
    "_f1_number_counting": 0.5844346549192364,
    "_em_number_arithmetic": 0.7522321428571429,
    "_f1_number_arithmetic": 0.7525580357142857,
    "_em_number_passage_span_extraction": 0.18181818181818182,
    "_f1_number_passage_span_extraction": 0.37454545454545457,
    "_em_number_multiple_spans": 0.11764705882352941,
    "_f1_number_multiple_spans": 0.4847058823529412,
    "_em_number_question_span_extraction": 0.16666666666666666,
    "_f1_number_question_span_extraction": 0.3225,
    "_em_date_arithmetic": 0.3229166666666667,
    "_f1_date_arithmetic": 0.4289583333333334,
    "_em_date_question_span_extraction": 0.6086956521739131,
    "_f1_date_question_span_extraction": 0.6304347826086957,
    "_em_date_passage_span_extraction": 0.4642857142857143,
    "_f1_date_passage_span_extraction": 0.5178571428571429,
    "_em_date_counting": 0.0,
    "_f1_date_counting": 0.0,
    "_em_date_multiple_spans": 1.0,
    "_f1_date_multiple_spans": 1.0,
    "em_spans_multiple_spans": 0.4054669703872437,
    "f1_spans_multiple_spans": 0.6923234624145789,
    "_em_spans_arithmetic": 0.0,
    "_f1_spans_arithmetic": 0.15571428571428572,
    "_em_spans_passage_span_extraction": 0.0,
    "_f1_spans_passage_span_extraction": 0.18730769230769231,
    "_em_spans_question_span_extraction": 0.0,
    "_f1_spans_question_span_extraction": 0.2733333333333333,
    "_em_spans_counting": 0.0,
    "_f1_spans_counting": 0.0,
    "em_span": 0.6566466265865063,
    "f1_span": 0.7179559118236476,
    "_em_number": 0.7063398140321218,
    "_f1_number": 0.7093913778529162,
    "_em_date": 0.3933333333333333,
    "_f1_date": 0.47453333333333336,
    "em_spans": 0.3731656184486373,
    "f1_spans": 0.6513836477987424,
    "_em_passage_span_extraction": 0.6513500710563714,
    "_f1_passage_span_extraction": 0.7049644718143061,
    "_em_question_span_extraction": 0.6640316205533597,
    "_f1_question_span_extraction": 0.7376679841897235,
    "em_multiple_spans": 0.4244712990936556,
    "f1_multiple_spans": 0.6694712990936559,
    "_em_arithmetic": 0.7394214162348878,
    "_f1_arithmetic": 0.7427115716753023,
    "_em_counting": 0.5801749271137027,
    "_f1_counting": 0.5801749271137027,
    "loss": 493715.0455880745
}