{
    "em": 0.6492239932885906,
    "f1": 0.6869546979865776,
    "em_span_multiple_spans": 0.6189303307529909,
    "f1_span_multiple_spans": 0.6870619282195641,
    "_em_span_arithmetic": 0.1968503937007874,
    "_f1_span_arithmetic": 0.2368503937007874,
    "_em_span_counting": 0.0,
    "_f1_span_counting": 0.0,
    "_em_number_counting": 0.5953627524308153,
    "_f1_number_counting": 0.5953627524308153,
    "_em_number_arithmetic": 0.7474546259406817,
    "_f1_number_arithmetic": 0.7474988933156264,
    "_em_number_multiple_spans": 0.1095890410958904,
    "_f1_number_multiple_spans": 0.3963013698630138,
    "_em_date_arithmetic": 0.34146341463414637,
    "_f1_date_arithmetic": 0.4201626016260163,
    "_em_date_multiple_spans": 0.5217391304347826,
    "_f1_date_multiple_spans": 0.6452173913043479,
    "_em_date_counting": 0.0,
    "_f1_date_counting": 0.5,
    "em_spans_multiple_spans": 0.3722943722943723,
    "f1_spans_multiple_spans": 0.6466233766233763,
    "_em_spans_arithmetic": 0.0,
    "_f1_spans_arithmetic": 0.013333333333333334,
    "_em_spans_counting": 0.0,
    "_f1_spans_counting": 0.0,
    "em_span": 0.5980556486758297,
    "f1_span": 0.6646697955078784,
    "_em_number": 0.7052968960863698,
    "_f1_number": 0.7088613360323887,
    "_em_date": 0.3673469387755102,
    "_f1_date": 0.45591836734693886,
    "em_spans": 0.3598326359832636,
    "f1_spans": 0.6253974895397486,
    "em_multiple_spans": 0.5738235294117647,
    "f1_multiple_spans": 0.6750411764705886,
    "_em_arithmetic": 0.7200501777127326,
    "_f1_arithmetic": 0.723219736567008,
    "_em_counting": 0.5883222468588323,
    "_f1_counting": 0.5886917960088692,
    "loss": 493718.2916625274
}