{
    "em": 0.7589135906040269,
    "f1": 0.788666107382551,
    "em_span_multiple_spans": 0.7930313588850174,
    "f1_span_multiple_spans": 0.8491777003484328,
    "_counter_span_multiple_spans": 2870,
    "_em_span_arithmetic": 0.25,
    "_f1_span_arithmetic": 0.2806666666666667,
    "_counter_span_arithmetic": 120,
    "_em_span_counting": 0.058823529411764705,
    "_f1_span_counting": 0.058823529411764705,
    "_counter_span_counting": 17,
    "_em_number_counting": 0.7096530920060332,
    "_f1_number_counting": 0.7096530920060332,
    "_counter_number_counting": 1326,
    "_em_number_arithmetic": 0.8014075214427094,
    "_f1_number_arithmetic": 0.8016120519023532,
    "_counter_number_arithmetic": 4547,
    "_em_number_multiple_spans": 0.15625,
    "_f1_number_multiple_spans": 0.5018750000000001,
    "_counter_number_multiple_spans": 32,
    "_em_date_arithmetic": 0.46923076923076923,
    "_f1_date_arithmetic": 0.5463076923076924,
    "_counter_date_arithmetic": 130,
    "_em_date_multiple_spans": 0.6666666666666666,
    "_f1_date_multiple_spans": 0.6666666666666666,
    "_counter_date_multiple_spans": 12,
    "_em_date_counting": 0.0,
    "_f1_date_counting": 0.0,
    "_counter_date_counting": 6,
    "em_spans_multiple_spans": 0.5853131749460043,
    "f1_spans_multiple_spans": 0.7917062634989199,
    "_counter_spans_multiple_spans": 463,
    "_em_spans_arithmetic": 0.0,
    "_f1_spans_arithmetic": 0.11083333333333334,
    "_counter_spans_arithmetic": 12,
    "_em_spans_counting": 0.0,
    "_f1_spans_counting": 0.0,
    "_counter_spans_counting": 1,
    "em_span": 0.7672098436980379,
    "f1_span": 0.8220219487861663,
    "_counter_span": 3007,
    "_em_number": 0.777307366638442,
    "_f1_number": 0.7793378492802711,
    "_counter_number": 5905,
    "_em_date": 0.46621621621621623,
    "_f1_date": 0.533918918918919,
    "_counter_date": 148,
    "em_spans": 0.569327731092437,
    "f1_spans": 0.7728781512605041,
    "_counter_spans": 476,
    "em_multiple_spans": 0.7580692922712466,
    "f1_multiple_spans": 0.837358602309743,
    "_counter_multiple_spans": 3377,
    "_em_arithmetic": 0.7766687461010605,
    "_f1_arithmetic": 0.7799875233936369,
    "_counter_arithmetic": 4809,
    "_em_counting": 0.6977777777777778,
    "_f1_counting": 0.6977777777777778,
    "_counter_counting": 1350,
    "loss": 493716.33892720105
}