{
    "em": 0.6483850671140939,
    "f1": 0.6848856963087253,
    "em_span_multiple_spans": 0.6226884779516358,
    "f1_span_multiple_spans": 0.6881116642958754,
    "_em_span_arithmetic": 0.16233766233766234,
    "_f1_span_arithmetic": 0.20051948051948054,
    "_em_span_counting": 0.0,
    "_f1_span_counting": 0.0,
    "_em_number_counting": 0.5949177877428998,
    "_f1_number_counting": 0.5949177877428998,
    "_em_number_arithmetic": 0.7474546259406817,
    "_f1_number_arithmetic": 0.7474988933156264,
    "_em_number_multiple_spans": 0.1111111111111111,
    "_f1_number_multiple_spans": 0.37236111111111125,
    "_em_date_arithmetic": 0.34146341463414637,
    "_f1_date_arithmetic": 0.4201626016260163,
    "_em_date_multiple_spans": 0.5217391304347826,
    "_f1_date_multiple_spans": 0.6452173913043479,
    "_em_date_counting": 0.0,
    "_f1_date_counting": 0.5,
    "em_spans_multiple_spans": 0.3714902807775378,
    "f1_spans_multiple_spans": 0.643606911447084,
    "_em_spans_arithmetic": 0.0,
    "_f1_spans_arithmetic": 0.013333333333333334,
    "_em_spans_counting": 0.0,
    "_f1_spans_counting": 0.0,
    "em_span": 0.5955734406438632,
    "f1_span": 0.6592387659289074,
    "_em_number": 0.7052968960863698,
    "_f1_number": 0.7085037112010797,
    "_em_date": 0.3673469387755102,
    "_f1_date": 0.45591836734693886,
    "em_spans": 0.35908141962421714,
    "f1_spans": 0.6225260960334027,
    "em_multiple_spans": 0.5765578635014836,
    "f1_multiple_spans": 0.6749584569732943,
    "_em_arithmetic": 0.716008316008316,
    "_f1_arithmetic": 0.7193264033264032,
    "_em_counting": 0.5870206489675516,
    "_f1_counting": 0.5873893805309734,
    "loss": 493718.2916625274
}