{
    "em": 0.7673028523489933,
    "f1": 0.7959375000000007,
    "_em_span_passage_span_extraction": 0.8046142754145638,
    "_f1_span_passage_span_extraction": 0.8464311463590483,
    "_em_span_question_span_extraction": 0.6982248520710059,
    "_f1_span_question_span_extraction": 0.7778698224852073,
    "em_span_multiple_spans": 0.11764705882352941,
    "f1_span_multiple_spans": 0.6117647058823529,
    "_em_span_arithmetic": 0.5686274509803921,
    "_f1_span_arithmetic": 0.6431372549019607,
    "_em_span_counting": 0.1111111111111111,
    "_f1_span_counting": 0.1111111111111111,
    "_em_number_counting": 0.7450039968025579,
    "_f1_number_counting": 0.7450039968025579,
    "_em_number_arithmetic": 0.7972590820100065,
    "_f1_number_arithmetic": 0.797463563193387,
    "_em_number_passage_span_extraction": 0.2571428571428571,
    "_f1_number_passage_span_extraction": 0.4474285714285714,
    "_em_number_multiple_spans": 0.0,
    "_f1_number_multiple_spans": 0.524,
    "_em_number_question_span_extraction": 0.0,
    "_f1_number_question_span_extraction": 0.335,
    "_em_date_arithmetic": 0.5229357798165137,
    "_f1_date_arithmetic": 0.6117431192660551,
    "_em_date_question_span_extraction": 0.75,
    "_f1_date_question_span_extraction": 0.75,
    "_em_date_passage_span_extraction": 0.5151515151515151,
    "_f1_date_passage_span_extraction": 0.5660606060606059,
    "_em_date_counting": 0.0,
    "_f1_date_counting": 0.0,
    "_em_date_multiple_spans": 0.0,
    "_f1_date_multiple_spans": 0.33,
    "em_spans_multiple_spans": 0.5971563981042654,
    "f1_spans_multiple_spans": 0.8177251184834121,
    "_em_spans_arithmetic": 0.0,
    "_f1_spans_arithmetic": 0.21000000000000002,
    "_em_spans_passage_span_extraction": 0.0,
    "_f1_spans_passage_span_extraction": 0.294390243902439,
    "_em_spans_counting": 0.0,
    "_f1_spans_counting": 0.0,
    "_em_spans_question_span_extraction": 0.0,
    "_f1_spans_question_span_extraction": 0.0,
    "em_span": 0.7887417218543047,
    "f1_span": 0.8356490066225166,
    "_em_number": 0.7813401187446989,
    "_f1_number": 0.7836318914334182,
    "_em_date": 0.5133333333333333,
    "_f1_date": 0.5912666666666666,
    "em_spans": 0.535031847133758,
    "f1_spans": 0.7605095541401272,
    "_em_passage_span_extraction": 0.7832119320152618,
    "_f1_passage_span_extraction": 0.8305272285813389,
    "_em_question_span_extraction": 0.6875,
    "_f1_question_span_extraction": 0.767784090909091,
    "em_multiple_spans": 0.5644444444444444,
    "f1_multiple_spans": 0.8023333333333332,
    "_em_arithmetic": 0.7876942461150777,
    "_f1_arithmetic": 0.7909428811423772,
    "_em_counting": 0.7375494071146245,
    "_f1_counting": 0.7375494071146245,
    "loss": 492820.19052528095
}