{
    "em": 0.7690855704697986,
    "f1": 0.7992114093959738,
    "_em_span_passage_span_extraction": 0.812051649928264,
    "_f1_span_passage_span_extraction": 0.8540315638450501,
    "em_span_multiple_spans": 0.13636363636363635,
    "f1_span_multiple_spans": 0.5818181818181818,
    "_em_span_arithmetic": 0.675,
    "_f1_span_arithmetic": 0.724,
    "_em_span_question_span_extraction": 0.660377358490566,
    "_f1_span_question_span_extraction": 0.7524528301886793,
    "_em_span_counting": 0.0,
    "_f1_span_counting": 0.0,
    "_em_number_counting": 0.7102661596958175,
    "_f1_number_counting": 0.7102661596958175,
    "_em_number_arithmetic": 0.8089638340359441,
    "_f1_number_arithmetic": 0.8092389616152652,
    "_em_number_passage_span_extraction": 0.15492957746478872,
    "_f1_number_passage_span_extraction": 0.44028169014084534,
    "_em_number_multiple_spans": 0.0,
    "_f1_number_multiple_spans": 0.42000000000000004,
    "_em_number_question_span_extraction": 0.0,
    "_f1_number_question_span_extraction": 0.0,
    "_em_date_passage_span_extraction": 0.6037735849056604,
    "_f1_date_passage_span_extraction": 0.7062264150943397,
    "_em_date_arithmetic": 0.573170731707317,
    "_f1_date_arithmetic": 0.6321951219512195,
    "_em_date_question_span_extraction": 0.6363636363636364,
    "_f1_date_question_span_extraction": 0.6363636363636364,
    "_em_date_counting": 0.0,
    "_f1_date_counting": 0.0,
    "em_spans_multiple_spans": 0.6056338028169014,
    "f1_spans_multiple_spans": 0.8347183098591547,
    "_em_spans_arithmetic": 0.0,
    "_f1_spans_arithmetic": 0.244,
    "_em_spans_passage_span_extraction": 0.0,
    "_f1_spans_passage_span_extraction": 0.25384615384615383,
    "_em_spans_counting": 0.0,
    "_f1_spans_counting": 0.0,
    "em_span": 0.7959522229595223,
    "f1_span": 0.8435434638354345,
    "_em_number": 0.777871907827855,
    "_f1_number": 0.7820840393087088,
    "_em_date": 0.5771812080536913,
    "_f1_date": 0.6461073825503356,
    "em_spans": 0.5477707006369427,
    "f1_spans": 0.7785774946921442,
    "_em_passage_span_extraction": 0.7817688919010505,
    "_f1_passage_span_extraction": 0.8334903422568619,
    "em_multiple_spans": 0.5723684210526315,
    "f1_multiple_spans": 0.8152412280701753,
    "_em_arithmetic": 0.8027621924902891,
    "_f1_arithmetic": 0.8047604661199828,
    "_em_question_span_extraction": 0.6549707602339181,
    "_f1_question_span_extraction": 0.7405847953216375,
    "_em_counting": 0.7054380664652568,
    "_f1_counting": 0.7054380664652568,
    "loss": 492820.12512242433
}