{
    "em": 0.660234899328859,
    "f1": 0.6982927852348997,
    "_em_span_passage_span_extraction": 0.6265002400384061,
    "_f1_span_passage_span_extraction": 0.6886893903024482,
    "_em_span_question_span_extraction": 0.741424802110818,
    "_f1_span_question_span_extraction": 0.797717678100264,
    "em_span_multiple_spans": 0.3917525773195876,
    "f1_span_multiple_spans": 0.5524742268041237,
    "_em_span_arithmetic": 0.44,
    "_f1_span_arithmetic": 0.5236000000000001,
    "_em_span_counting": 0.07692307692307693,
    "_f1_span_counting": 0.12846153846153846,
    "_em_number_counting": 0.5472467709041469,
    "_f1_number_counting": 0.5472467709041469,
    "_em_number_arithmetic": 0.765350376626341,
    "_f1_number_arithmetic": 0.7656174389408811,
    "_em_number_passage_span_extraction": 0.10526315789473684,
    "_f1_number_passage_span_extraction": 0.28421052631578947,
    "_em_number_question_span_extraction": 0.16666666666666666,
    "_f1_number_question_span_extraction": 0.27499999999999997,
    "_em_number_multiple_spans": 0.0,
    "_f1_number_multiple_spans": 0.41545454545454547,
    "_em_date_arithmetic": 0.2558139534883721,
    "_f1_date_arithmetic": 0.37034883720930234,
    "_em_date_question_span_extraction": 0.6086956521739131,
    "_f1_date_question_span_extraction": 0.6086956521739131,
    "_em_date_passage_span_extraction": 0.4411764705882353,
    "_f1_date_passage_span_extraction": 0.5588235294117647,
    "_em_date_counting": 0.0,
    "_f1_date_counting": 0.16666666666666666,
    "em_spans_multiple_spans": 0.3722627737226277,
    "f1_spans_multiple_spans": 0.6836009732360097,
    "_em_spans_arithmetic": 0.0,
    "_f1_spans_arithmetic": 0.0,
    "_em_spans_passage_span_extraction": 0.0,
    "_f1_spans_passage_span_extraction": 0.256,
    "_em_spans_question_span_extraction": 0.0,
    "_f1_spans_question_span_extraction": 0.26399999999999996,
    "_em_spans_counting": 0.0,
    "_f1_spans_counting": 0.0,
    "em_span": 0.6424525158280573,
    "f1_span": 0.7066477840719759,
    "_em_number": 0.7042110603754439,
    "_f1_number": 0.7065516658210722,
    "_em_date": 0.3493150684931507,
    "_f1_date": 0.4476027397260274,
    "em_spans": 0.32142857142857145,
    "f1_spans": 0.6199159663865546,
    "_em_passage_span_extraction": 0.600453514739229,
    "_f1_passage_span_extraction": 0.6699047619047618,
    "_em_question_span_extraction": 0.7243107769423559,
    "_f1_question_span_extraction": 0.7810651629072682,
    "em_multiple_spans": 0.36801541425818884,
    "f1_multiple_spans": 0.6534104046242775,
    "_em_arithmetic": 0.7510501879283661,
    "_f1_arithmetic": 0.7544107892991377,
    "_em_counting": 0.5405767940979208,
    "_f1_counting": 0.5413615023474179,
    "loss": 493715.0393382349
}