{
    "em": 0.6438758389261745,
    "f1": 0.6805599832214769,
    "_em_span_passage_span_extraction": 0.6520864756158874,
    "_f1_span_passage_span_extraction": 0.7056661639014578,
    "em_span_multiple_spans": 0.4421768707482993,
    "f1_span_multiple_spans": 0.6044897959183674,
    "_em_span_question_span_extraction": 0.7178841309823678,
    "_f1_span_question_span_extraction": 0.7740931989924432,
    "_em_span_arithmetic": 0.39622641509433965,
    "_f1_span_arithmetic": 0.4624528301886793,
    "_em_span_counting": 0.0,
    "_f1_span_counting": 0.0,
    "_em_number_counting": 0.6129788897576232,
    "_f1_number_counting": 0.6129788897576232,
    "_em_number_arithmetic": 0.6968236582694414,
    "_f1_number_arithmetic": 0.6968236582694414,
    "_em_number_passage_span_extraction": 0.1276595744680851,
    "_f1_number_passage_span_extraction": 0.30638297872340425,
    "_em_number_question_span_extraction": 0.15384615384615385,
    "_f1_number_question_span_extraction": 0.3538461538461538,
    "_em_number_multiple_spans": 0.07692307692307693,
    "_f1_number_multiple_spans": 0.4584615384615385,
    "_em_date_arithmetic": 0.30851063829787234,
    "_f1_date_arithmetic": 0.3990425531914894,
    "_em_date_question_span_extraction": 0.6363636363636364,
    "_f1_date_question_span_extraction": 0.6363636363636364,
    "_em_date_passage_span_extraction": 0.42105263157894735,
    "_f1_date_passage_span_extraction": 0.5773684210526315,
    "_em_date_counting": 0.0,
    "_f1_date_counting": 0.0,
    "em_spans_multiple_spans": 0.3664302600472813,
    "f1_spans_multiple_spans": 0.6791489361702127,
    "_em_spans_passage_span_extraction": 0.0,
    "_f1_spans_passage_span_extraction": 0.24688888888888888,
    "_em_spans_counting": 0.0,
    "_f1_spans_counting": 0.0,
    "_em_spans_arithmetic": 0.0,
    "_f1_spans_arithmetic": 0.028333333333333335,
    "_em_spans_question_span_extraction": 0.0,
    "_f1_spans_question_span_extraction": 0.08333333333333333,
    "em_span": 0.6531772575250836,
    "f1_span": 0.7128996655518394,
    "_em_number": 0.671624133851614,
    "_f1_number": 0.6743214466790604,
    "_em_date": 0.38666666666666666,
    "_f1_date": 0.4632,
    "em_spans": 0.3235908141962422,
    "f1_spans": 0.6238204592901879,
    "_em_passage_span_extraction": 0.6242857142857143,
    "_f1_passage_span_extraction": 0.685738095238095,
    "em_multiple_spans": 0.379073756432247,
    "f1_multiple_spans": 0.6554030874785591,
    "_em_question_span_extraction": 0.7034400948991696,
    "_f1_question_span_extraction": 0.7597627520759193,
    "_em_arithmetic": 0.6848240779991522,
    "_f1_arithmetic": 0.6874077999152184,
    "_em_counting": 0.6068111455108359,
    "_f1_counting": 0.6068111455108359,
    "loss": 692875.6866848691
}