{
    "em": 0.6535234899328859,
    "f1": 0.6902443372483231,
    "_em_span_passage_span_extraction": 0.6105209914011128,
    "_f1_span_passage_span_extraction": 0.6664542235710671,
    "_em_span_question_span_extraction": 0.726027397260274,
    "_f1_span_question_span_extraction": 0.7885730593607304,
    "em_span_multiple_spans": 0.3037974683544304,
    "f1_span_multiple_spans": 0.5320253164556962,
    "_em_span_arithmetic": 0.3620689655172414,
    "_f1_span_arithmetic": 0.43913793103448273,
    "_em_span_counting": 0.0,
    "_f1_span_counting": 0.0,
    "_em_number_counting": 0.5786686838124054,
    "_f1_number_counting": 0.5786686838124054,
    "_em_number_arithmetic": 0.7425852146967685,
    "_f1_number_arithmetic": 0.7428663125276671,
    "_em_number_passage_span_extraction": 0.07142857142857142,
    "_f1_number_passage_span_extraction": 0.23714285714285716,
    "_em_number_question_span_extraction": 0.15384615384615385,
    "_f1_number_question_span_extraction": 0.26153846153846155,
    "_em_number_multiple_spans": 0.07692307692307693,
    "_f1_number_multiple_spans": 0.4538461538461538,
    "_em_date_arithmetic": 0.27058823529411763,
    "_f1_date_arithmetic": 0.3668235294117647,
    "_em_date_question_span_extraction": 0.5882352941176471,
    "_f1_date_question_span_extraction": 0.5882352941176471,
    "_em_date_passage_span_extraction": 0.42857142857142855,
    "_f1_date_passage_span_extraction": 0.4642857142857143,
    "_em_date_counting": 0.0,
    "_f1_date_counting": 0.0,
    "_em_date_multiple_spans": 0.0,
    "_f1_date_multiple_spans": 0.33,
    "_em_spans_passage_span_extraction": 0.0,
    "_f1_spans_passage_span_extraction": 0.17487179487179488,
    "_em_spans_arithmetic": 0.0,
    "_f1_spans_arithmetic": 0.024444444444444446,
    "em_spans_multiple_spans": 0.37995337995337997,
    "f1_spans_multiple_spans": 0.6844988344988342,
    "_em_spans_question_span_extraction": 0.0,
    "_f1_spans_question_span_extraction": 0.18999999999999997,
    "_em_spans_counting": 0.0,
    "_f1_spans_counting": 0.0,
    "em_span": 0.6305945223780896,
    "f1_span": 0.6933433533734134,
    "_em_number": 0.6983750846310088,
    "_f1_number": 0.700834461746784,
    "_em_date": 0.36423841059602646,
    "_f1_date": 0.42721854304635765,
    "em_spans": 0.33747412008281574,
    "f1_spans": 0.6237267080745339,
    "_em_passage_span_extraction": 0.585810162991371,
    "_f1_passage_span_extraction": 0.6459060402684562,
    "_em_question_span_extraction": 0.7105831533477321,
    "_f1_question_span_extraction": 0.7718790496760258,
    "em_multiple_spans": 0.36015325670498083,
    "f1_multiple_spans": 0.6549999999999997,
    "_em_arithmetic": 0.7278372591006425,
    "_f1_arithmetic": 0.730865096359743,
    "_em_counting": 0.5743243243243243,
    "_f1_counting": 0.5743243243243243,
    "loss": 493716.0277182122
}