{
    "em": 0.6685192953020134,
    "f1": 0.7039324664429543,
    "_em_span_passage_span_extraction": 0.6505612493899463,
    "_f1_span_passage_span_extraction": 0.7075158613958025,
    "_counter_span_passage_span_extraction": 2049,
    "_em_span_question_span_extraction": 0.6914016489988222,
    "_f1_span_question_span_extraction": 0.7578327444051822,
    "_counter_span_question_span_extraction": 849,
    "em_span_multiple_spans": 0.25806451612903225,
    "f1_span_multiple_spans": 0.43451612903225806,
    "_counter_span_multiple_spans": 31,
    "_em_span_arithmetic": 0.46153846153846156,
    "_f1_span_arithmetic": 0.5290384615384616,
    "_counter_span_arithmetic": 52,
    "_em_span_counting": 0.1111111111111111,
    "_f1_span_counting": 0.1111111111111111,
    "_counter_span_counting": 9,
    "_em_number_counting": 0.5947368421052631,
    "_f1_number_counting": 0.5947368421052631,
    "_counter_number_counting": 1330,
    "_em_number_arithmetic": 0.7532122286220647,
    "_f1_number_arithmetic": 0.7532122286220647,
    "_counter_number_arithmetic": 4514,
    "_em_number_passage_span_extraction": 0.16,
    "_f1_number_passage_span_extraction": 0.2,
    "_counter_number_passage_span_extraction": 25,
    "_em_number_question_span_extraction": 0.08333333333333333,
    "_f1_number_question_span_extraction": 0.08333333333333333,
    "_counter_number_question_span_extraction": 12,
    "_em_number_multiple_spans": 0.3333333333333333,
    "_f1_number_multiple_spans": 0.3333333333333333,
    "_counter_number_multiple_spans": 3,
    "_em_date_arithmetic": 0.2830188679245283,
    "_f1_date_arithmetic": 0.3712264150943396,
    "_counter_date_arithmetic": 106,
    "_em_date_question_span_extraction": 0.6666666666666666,
    "_f1_date_question_span_extraction": 0.6666666666666666,
    "_counter_date_question_span_extraction": 24,
    "_em_date_passage_span_extraction": 0.3684210526315789,
    "_f1_date_passage_span_extraction": 0.3684210526315789,
    "_counter_date_passage_span_extraction": 19,
    "_em_date_counting": 0.0,
    "_f1_date_counting": 0.0,
    "_counter_date_counting": 4,
    "_em_date_multiple_spans": 0.0,
    "_f1_date_multiple_spans": 0.5,
    "_counter_date_multiple_spans": 1,
    "_em_spans_passage_span_extraction": 0.0,
    "_f1_spans_passage_span_extraction": 0.25266666666666665,
    "_counter_spans_passage_span_extraction": 45,
    "em_spans_multiple_spans": 0.3805309734513274,
    "f1_spans_multiple_spans": 0.6736504424778759,
    "_counter_spans_multiple_spans": 452,
    "_em_spans_question_span_extraction": 0.0,
    "_f1_spans_question_span_extraction": 0.148,
    "_counter_spans_question_span_extraction": 5,
    "_em_spans_counting": 0.0,
    "_f1_spans_counting": 0.0,
    "_counter_spans_counting": 1,
    "_em_spans_arithmetic": 0.0,
    "_f1_spans_arithmetic": 0.034,
    "_counter_spans_arithmetic": 5,
    "em_span": 0.6531772575250836,
    "f1_span": 0.7140735785953174,
    "_counter_span": 2990,
    "_em_number": 0.7132902787219578,
    "_f1_number": 0.7134602311352821,
    "_counter_number": 5884,
    "_em_date": 0.34415584415584416,
    "_f1_date": 0.4081168831168831,
    "_counter_date": 154,
    "em_spans": 0.33858267716535434,
    "f1_spans": 0.6235629921259841,
    "_counter_spans": 508,
    "_em_passage_span_extraction": 0.6286248830682881,
    "_f1_passage_span_extraction": 0.6889943872778294,
    "_counter_passage_span_extraction": 2138,
    "_em_question_span_extraction": 0.6786516853932584,
    "_f1_question_span_extraction": 0.7428539325842693,
    "_counter_question_span_extraction": 890,
    "em_multiple_spans": 0.37166324435318276,
    "f1_multiple_spans": 0.6559753593429156,
    "_counter_multiple_spans": 487,
    "_em_arithmetic": 0.7385075903356852,
    "_f1_arithmetic": 0.741293564250588,
    "_counter_arithmetic": 4677,
    "_em_counting": 0.5892857142857143,
    "_f1_counting": 0.5892857142857143,
    "_counter_counting": 1344,
    "loss": 493714.24298015743
}