{
    "em": 0.6483850671140939,
    "f1": 0.6848856963087253,
    "em_span_multiple_spans": 0.6224671169569854,
    "f1_span_multiple_spans": 0.6889370778528269,
    "_counter_span_multiple_spans": 2813,
    "_em_span_arithmetic": 0.16447368421052633,
    "_f1_span_arithmetic": 0.19875,
    "_counter_span_arithmetic": 152,
    "_em_span_counting": 0.0,
    "_f1_span_counting": 0.0,
    "_counter_span_counting": 16,
    "_em_number_counting": 0.5949177877428998,
    "_f1_number_counting": 0.5949177877428998,
    "_counter_number_counting": 1338,
    "_em_number_arithmetic": 0.7476201018375027,
    "_f1_number_arithmetic": 0.7476201018375027,
    "_counter_number_arithmetic": 4517,
    "_em_number_multiple_spans": 0.1951219512195122,
    "_f1_number_multiple_spans": 0.2521951219512195,
    "_counter_number_multiple_spans": 41,
    "_em_date_arithmetic": 0.3387096774193548,
    "_f1_date_arithmetic": 0.4208064516129032,
    "_counter_date_arithmetic": 124,
    "_em_date_multiple_spans": 0.5,
    "_f1_date_multiple_spans": 0.6320833333333333,
    "_counter_date_multiple_spans": 24,
    "_em_date_counting": 0.0,
    "_f1_date_counting": 0.5,
    "_counter_date_counting": 1,
    "em_spans_multiple_spans": 0.34959349593495936,
    "f1_spans_multiple_spans": 0.6323577235772355,
    "_counter_spans_multiple_spans": 492,
    "_em_spans_arithmetic": 0.0,
    "_f1_spans_arithmetic": 0.033529411764705884,
    "_counter_spans_arithmetic": 17,
    "_em_spans_counting": 0.0,
    "_f1_spans_counting": 0.0,
    "_counter_spans_counting": 1,
    "em_span": 0.5957732304595773,
    "f1_span": 0.6602448842670252,
    "_counter_span": 2981,
    "_em_number": 0.7091248303934871,
    "_f1_number": 0.7095217096336499,
    "_counter_number": 5896,
    "_em_date": 0.3624161073825503,
    "_f1_date": 0.4553691275167785,
    "_counter_date": 149,
    "em_spans": 0.33725490196078434,
    "f1_spans": 0.6111568627450978,
    "_counter_spans": 510,
    "em_multiple_spans": 0.5765578635014836,
    "f1_multiple_spans": 0.6749584569732944,
    "_counter_multiple_spans": 3370,
    "_em_arithmetic": 0.716008316008316,
    "_f1_arithmetic": 0.7193264033264033,
    "_counter_arithmetic": 4810,
    "_em_counting": 0.5870206489675516,
    "_f1_counting": 0.5873893805309734,
    "_counter_counting": 1356,
    "loss": 493718.2916625274
}