{
    "em": 0.6492239932885906,
    "f1": 0.6869546979865776,
    "em_span_multiple_spans": 0.6187126275061555,
    "f1_span_multiple_spans": 0.6877981005979604,
    "_counter_span_multiple_spans": 2843,
    "_em_span_arithmetic": 0.2,
    "_f1_span_arithmetic": 0.23528,
    "_counter_span_arithmetic": 125,
    "_em_span_counting": 0.0,
    "_f1_span_counting": 0.0,
    "_counter_span_counting": 14,
    "_em_number_counting": 0.5953627524308153,
    "_f1_number_counting": 0.5953627524308153,
    "_counter_number_counting": 1337,
    "_em_number_arithmetic": 0.7476201018375027,
    "_f1_number_arithmetic": 0.7476201018375027,
    "_counter_number_arithmetic": 4517,
    "_em_number_multiple_spans": 0.20512820512820512,
    "_f1_number_multiple_spans": 0.27153846153846156,
    "_counter_number_multiple_spans": 39,
    "_em_date_arithmetic": 0.3387096774193548,
    "_f1_date_arithmetic": 0.4208064516129032,
    "_counter_date_arithmetic": 124,
    "_em_date_multiple_spans": 0.5,
    "_f1_date_multiple_spans": 0.6320833333333333,
    "_counter_date_multiple_spans": 24,
    "_em_date_counting": 0.0,
    "_f1_date_counting": 0.5,
    "_counter_date_counting": 1,
    "em_spans_multiple_spans": 0.3481781376518219,
    "f1_spans_multiple_spans": 0.635566801619433,
    "_counter_spans_multiple_spans": 494,
    "_em_spans_arithmetic": 0.0,
    "_f1_spans_arithmetic": 0.033529411764705884,
    "_counter_spans_arithmetic": 17,
    "_em_spans_counting": 0.0,
    "_f1_spans_counting": 0.0,
    "_counter_spans_counting": 1,
    "em_span": 0.5982562038900067,
    "f1_span": 0.6656002682763251,
    "_counter_span": 2982,
    "_em_number": 0.7094858306465298,
    "_f1_number": 0.7099253351433905,
    "_counter_number": 5893,
    "_em_date": 0.3624161073825503,
    "_f1_date": 0.4553691275167785,
    "_counter_date": 149,
    "em_spans": 0.3359375,
    "f1_spans": 0.6143359374999998,
    "_counter_spans": 512,
    "em_multiple_spans": 0.5738235294117647,
    "f1_multiple_spans": 0.6750411764705886,
    "_counter_multiple_spans": 3400,
    "_em_arithmetic": 0.7200501777127326,
    "_f1_arithmetic": 0.7232197365670081,
    "_counter_arithmetic": 4783,
    "_em_counting": 0.5883222468588323,
    "_f1_counting": 0.5886917960088692,
    "_counter_counting": 1353,
    "loss": 493718.2916625274
}