{
    "em": 0.7589135906040269,
    "f1": 0.788666107382551,
    "em_span_multiple_spans": 0.7944153577661431,
    "f1_span_multiple_spans": 0.8503455497382204,
    "_counter_span_multiple_spans": 2865,
    "_em_span_arithmetic": 0.2459016393442623,
    "_f1_span_arithmetic": 0.28426229508196726,
    "_counter_span_arithmetic": 122,
    "_em_span_counting": 0.058823529411764705,
    "_f1_span_counting": 0.058823529411764705,
    "_counter_span_counting": 17,
    "_em_number_counting": 0.7096530920060332,
    "_f1_number_counting": 0.7096530920060332,
    "_counter_number_counting": 1326,
    "_em_number_arithmetic": 0.8019366197183099,
    "_f1_number_arithmetic": 0.8019366197183099,
    "_counter_number_arithmetic": 4544,
    "_em_number_multiple_spans": 0.3333333333333333,
    "_f1_number_multiple_spans": 0.4,
    "_counter_number_multiple_spans": 15,
    "_em_date_arithmetic": 0.46923076923076923,
    "_f1_date_arithmetic": 0.545,
    "_counter_date_arithmetic": 130,
    "_em_date_multiple_spans": 0.6153846153846154,
    "_f1_date_multiple_spans": 0.6538461538461539,
    "_counter_date_multiple_spans": 13,
    "_em_date_counting": 0.0,
    "_f1_date_counting": 0.0,
    "_counter_date_counting": 6,
    "em_spans_multiple_spans": 0.5599173553719008,
    "f1_spans_multiple_spans": 0.7789669421487603,
    "_counter_spans_multiple_spans": 484,
    "_em_spans_arithmetic": 0.0,
    "_f1_spans_arithmetic": 0.11000000000000001,
    "_counter_spans_arithmetic": 13,
    "_em_spans_counting": 0.0,
    "_f1_spans_counting": 0.0,
    "_counter_spans_counting": 1,
    "em_span": 0.7679760319573902,
    "f1_span": 0.822876165113183,
    "_counter_span": 3004,
    "_em_number": 0.7799490229396772,
    "_f1_number": 0.7801189464740866,
    "_counter_number": 5885,
    "_em_date": 0.46308724832214765,
    "_f1_date": 0.5325503355704698,
    "_counter_date": 149,
    "em_spans": 0.5441767068273092,
    "f1_spans": 0.7599397590361445,
    "_counter_spans": 498,
    "em_multiple_spans": 0.7580692922712466,
    "f1_multiple_spans": 0.8373586023097428,
    "_counter_multiple_spans": 3377,
    "_em_arithmetic": 0.7766687461010605,
    "_f1_arithmetic": 0.7799875233936369,
    "_counter_arithmetic": 4809,
    "_em_counting": 0.6977777777777778,
    "_f1_counting": 0.6977777777777778,
    "_counter_counting": 1350,
    "loss": 493454.26448988577
}